goods,bought,ミニもっち,餅つき機,"[KAHM] エムケー精工株式会社 RM-05MN",
goods,bought,CAPTAIN STAG M-6482,七輪,"[UR-B] BBQ用 七輪 炭焼き名人万能水冷式",
goods,free,西天満町内会ヘルメット,日用品,"[UR-E] 玄関外のエマージェンシー／BBQボックスの上",
goods,free,天神祭りのうちわ,日用品,"[UR-E]　玄関外のエマージェンシー／BBQボックスの中",
goods,bought,ダブルマットレス,寝具,"[UR-4.5] 客人用寝具",
goods,bought,布団カバー3点セット,寝具,"[UR-4.5/7.5] 客人用寝具用カバー",
goods,bought,マットレス収納,寝具,"[UR-4.5] 客人用寝具収納袋",
goods,bought,wasser 55,照明,"[UR-4.5-TK] シリコン製 コードレス 3段階調光 ナイトライト 常夜灯",
goods,bought,LEDキノコランプ,寝具,"[UR-4.5|KAHM] 明暗センサー付きナイトライト 常夜灯",
goods,bought,LEDデスクライト,照明,"[UR-4.5-WW] patazon株式会社 TH-01",
goods,bought,ホワイトノイズマシン,寝具,"[KAHM] Vanzon 21種類の音 5.5x10cm",
goods,bought,時計 x2,日用品,"[UR-K] 4KGA06DN 直径33cm",
goods,free,自転車,自転車,"[UR] 青色 from PAL",
goods,bought,自転車,自転車,"[UR] 水色・黒色 中古品",
goods,bought,sedia アルタートケース ART-1003,書類ケース,"[UR-4.5] 収容用紙サイズ：B2用紙 本体サイズ(縦×横×幅)：570×800×30mm",
goods,free,名刺ケース,情報,"[UR-4.5-WW] 要整理",
goods,free,アドレス帳,情報,"[UR-4.5-WW] 漆塗り・ミニサイズ",
goods,bought,スリムエイト SOFKEN FLAME x4,額,"[UR-4.5] A3サイズ/白色/アルミニウム 商品寸法 (長さx幅x高さ):30.1 x 42.4 x 2 cm",
goods,bought,無印良品 アクリルピクチャーフレーム,額,"[UR-4.5] A2サイズ/透明/縦向き・横向き両方で使用可能(吊り下げ専用) 商品外寸:471×高さ645×厚さ5mm",
goods,bought,NVEESHOX TP-VB4U9J,電源タップ,"[UR-D] AC x 9 | USB-A x 4",
goods,bought,3口 5m 延長コード(十字型) x 2,電源タップ,"[UR-4.5/7.5] 1つは音響機材用／1つは持ち運び用",
goods,bought,BONAI 電池充電器単体,充電器,"[UR-D] 液晶ディスプレイ 急速充電器 単3形・単4形対応 4本同時充電可能",
goods,bought,BONAI 単3形 充電式電池 16本,充電池,"[UR-D] 容量2300mAh 約1200回使用可能",
goods,bought,BONAI 単4形 充電式電池 8本,充電池,"[UR-D] 高容量1100mAh 約1200回使用可能",
goods,bought,非接触アルコールディスペンサー,日用品,"[UR-D] 2段階調節可能,電池式(単三電池4個),360ml",
goods,bought,ペーパータオルケース,日用品,"[UR-D] 中判用 蝶プラ工業",
goods,bought,SwitchBotカーテン,スマート家電,"[UR-4.5/7.5] 30秒で部屋中のカーテンをスマートに | あらゆるタイプのカーテンレールに対応",
goods,bought,SwitchBotミニハブ,スマート家電,"[UR-7.5] 家電とSwitchBot製品をインターネットに接続させて、外出先からスマホでコントロールできます。",
goods,bought,SD-AIRSOFA-75064-BK,エアソファ,"[UR-E] 商品サイズ：165*84*79ｃｍ 素材：PVC 適応最大重量：150kgまで",
goods,bought,Jackery ポータブル電源 240,ソーラー発電,"[UR-4.5] 出力240W(AC100Vコンセント/USB-A2口) 充電方式:AC/シガ－ソケット/ソーラーパネル",
goods,bought,ソーラーライト,ソーラーライト,"[UR-B] Pendoo LED3個,130-140LM",
goods,bought,土5L,園芸,"[UR-B] 観葉植物の土",
