stationery,bought,LIFE N112,ノート,"[UR-D] 業務ノート",
stationery,bought,KYOKUTO K10W,ノート,"[UR-D] レポートノート B5 60g/㎡",
stationery,free,ペーパーカッター,カッター,"[UR-4.5-WW] ABOX スライド式",
stationery,bought,ミシン目カッター,カッター,"[UR-4.5-WW] OLFA 18mm",
stationery,bought,OLFA ＰカッターＳ型,アクリルカッター,"[KAHM] 硬質プラスチック板専用カッター OLFA PC-S",
stationery,bought,角取りカッター,カッター,"[UR-4.5-WW]",
stationery,bought,プラスチックバインダー,バインダー,"[KAHM]",
stationery,free,URボールペンx2,くろ,"[UR-4.5-WW]",
stationery,free,三菱鉛筆 uni ball Signo,くろ,"[UR-4.5-WW] 0.5mm",
stationery,free,三菱鉛筆 Hi-uni 5H,くろ,"[UR-4.5-WW]",
stationery,bought,？ 大型マジックインキ,くろ,"[UR-4.5-WW] 油性",
stationery,bought,？ マジックインキ細書き用x3,くろ,"[UR-4.5-WW] 油性",
stationery,bought,uni POSCA PC-8K,しろ,"[UR-4.5-WW] 角硬質プラスチック板専用カッター OLFA PC-S芯／太字 8mm 不透明・水性・顔料インク",
stationery,bought,uni POSCA PC-5M,しろ,"[UR-4.5-WW] 丸芯／中字 1.8-2.5mm 不透明・水性・顔料インク",
stationery,bought,uni POSCA PC-3M,ピンク,"[UR-4.5-WW] 丸芯／細字 0.9-1.3mm 不透明・水性・顔料インク",
stationery,bought,ぺんてるホワイト 100W L,しろ,"[UR-4.5-WW] 極太",
stationery,bought,ぺんてるホワイト 100W,しろ,"[UR-4.5-WW] 太字",
stationery,bought,ぺんてるホワイト 100W M,しろ,"[UR-4.5-WW] 中字",
stationery,bought,三菱ペイントマーカー PX-20,あか,"[UR-4.5-WW] 中字・油性・不透明",
stationery,bought,三菱ペイントマーカー PX-20,あお,"[UR-4.5-WW] 中字・油性・不透明",
stationery,bought,三菱ペイントマーカー PX-20,きいろ,"[UR-4.5-WW] 中字・油性・不透明",
stationery,bought,三菱ペイントマーカー PX-20,みどり,"[UR-4.5-WW] 中字・油性・不透明",
stationery,bought,30cm 定規,定規,"[UR-4.5-WW]",
stationery,bought,ラベルテープ,ステッカー,"[UR-4.5-WW]",
stationery,free,カラータックラベル各種,ステッカー,"[UR-4.5-WW]",
stationery,bought,StazOn 3種(マスタード・ブレイジングレッド・フォレストグリーン),スタンプ台,"[UR-4.5-WW] 非吸収面・難吸収面に捺印可能",
stationery,bought,スタンプ台,スタンプ台,"[UR-4.5-WW] 黒x2,赤,ピンク,金",
stationery,bought,3M スプレーのり77,のり,"[UR-4.5-WW] 430ml",
stationery,bought,3M 強力デザインボンド,のり,"[UR-4.5-WW] 430ml 貼ったり剥がしたりできる",
stationery,free,クリップバインダー,ファイル,"[UR-4.5-WW] A4サイズ 茶色",
stationery,free,Black＆Decker CP310X,工具,"[UR-4.5-WW] 充電式電動ドライバー",
stationery,bought,Black＆Decker コード式ボディ EAC800,工具,"[KAHM]",
stationery,bought,Black＆Decker ドリル／ドライバー（ヘッド単体）EDD183,工具,"[KAHM]",
stationery,bought,のこぎり,工具,"[KAHM]",
stationery,bought,モンキレンチ,工具,"[UR-4.5-WW]",
stationery,bought,トルクレンチ,工具,"[UR-4.5-WW]",
stationery,bought,単管・足場パイプカッター,工具,"[UR-4.5-E]",
stationery,bought,パイプカッター替刃,工具,"[UR-4.5-E]",
stationery,bought,KURE 5-56,工具,"[UR-4.5-E]",
stationery,bought,PIKAL 液状金属みがき,工具,"[UR-4.5-E]",
stationery,bought,PIKAL 油性練り状金属磨き,工具,"[UR-4.5-E]",
stationery,bought,トタンカッター,工具,"[UR-4.5-E]",
